bot,date,time,likes
BoardgameBot,2022-05-19,15:30:46.721540,20
RadioheadBot,2022-05-19,15:30:48.958215,16
BoardgameBot,2022-05-19,18:30:06.000975,22
RadioheadBot,2022-05-19,18:47:30.505907,12
RadioheadBot,2022-05-19,21:30:45.501662,12
BoardgameBot,2022-05-19,21:30:54.359802,23
ListBot,2022-05-19,23:30:22.427617,52
BoardgameBot,2022-05-20,00:38:51.483615,25
RadioheadBot,2022-05-20,00:39:35.607947,17
RadioheadBot,2022-05-20,03:30:16.322414,14
BoardgameBot,2022-05-20,03:30:37.793804,20
BoardgameBot,2022-05-20,06:30:21.489439,21
RadioheadBot,2022-05-20,06:30:54.173439,12
BoardgameBot,2022-05-20,09:30:33.926423,21
RadioheadBot,2022-05-20,09:31:02.566979,19
ListBot,2022-05-20,11:30:34.999514,53
RadioheadBot,2022-05-20,12:30:20.365762,17
BoardgameBot,2022-05-20,12:30:58.297055,21
BoardgameBot,2022-05-20,15:30:11.964708,20
RadioheadBot,2022-05-20,15:31:04.794287,19
BoardgameBot,2022-05-20,18:30:08.081716,23
RadioheadBot,2022-05-20,18:30:53.559512,13
RadioheadBot,2022-05-20,21:33:35.247141,12
BoardgameBot,2022-05-20,21:33:54.079878,22
ListBot,2022-05-20,23:43:19.541632,43
RadioheadBot,2022-05-21,00:30:14.855717,18
BoardgameBot,2022-05-21,00:30:40.549771,22
RadioheadBot,2022-05-21,03:30:17.771560,14
BoardgameBot,2022-05-21,03:30:48.938752,21
RadioheadBot,2022-05-21,06:30:16.029854,15
BoardgameBot,2022-05-21,06:30:54.524400,21
RadioheadBot,2022-05-21,09:30:39.170755,11
BoardgameBot,2022-05-21,09:30:39.313700,21
ListBot,2022-05-21,11:30:57.452878,55
RadioheadBot,2022-05-21,12:30:46.615194,16
BoardgameBot,2022-05-21,12:30:54.679422,21
BoardgameBot,2022-05-21,15:30:11.415209,23
RadioheadBot,2022-05-21,15:30:54.006091,13
BoardgameBot,2022-05-21,18:30:23.370186,20
RadioheadBot,2022-05-21,18:31:01.200823,13
RadioheadBot,2022-05-21,21:30:08.370848,10
BoardgameBot,2022-05-21,21:30:37.152267,23
ListBot,2022-05-21,23:30:45.066184,54
RadioheadBot,2022-05-22,00:30:15.757898,10
BoardgameBot,2022-05-22,00:30:51.038740,21
RadioheadBot,2022-05-22,03:30:23.684242,14
BoardgameBot,2022-05-22,03:31:04.484923,15
BoardgameBot,2022-05-22,06:30:20.805985,18
RadioheadBot,2022-05-22,06:30:34.255862,17
BoardgameBot,2022-05-22,09:30:40.034877,18
RadioheadBot,2022-05-22,09:30:43.324585,14
ListBot,2022-05-22,11:30:41.863335,51
RadioheadBot,2022-05-22,12:30:51.862864,17
BoardgameBot,2022-05-22,12:30:54.986291,19
BoardgameBot,2022-05-22,15:30:08.372577,21
RadioheadBot,2022-05-22,15:31:00.653173,19
RadioheadBot,2022-05-22,18:30:07.855468,14
BoardgameBot,2022-05-22,18:30:22.214301,19
RadioheadBot,2022-05-22,21:30:17.169631,13
BoardgameBot,2022-05-22,21:30:36.929195,23
ListBot,2022-05-22,23:30:46.391706,54
RadioheadBot,2022-05-23,00:30:24.777487,15
BoardgameBot,2022-05-23,00:30:50.728132,22
RadioheadBot,2022-05-23,03:30:34.924425,16
BoardgameBot,2022-05-23,03:31:04.003722,17
BoardgameBot,2022-05-23,06:30:20.179891,22
RadioheadBot,2022-05-23,06:30:42.174400,16
BoardgameBot,2022-05-23,09:30:32.275621,18
RadioheadBot,2022-05-23,09:30:43.138151,17
ListBot,2022-05-23,11:30:47.721323,50
BoardgameBot,2022-05-23,12:30:35.736591,23
RadioheadBot,2022-05-23,12:30:42.166286,16
BoardgameBot,2022-05-23,15:37:51.994594,24
RadioheadBot,2022-05-23,15:37:52.227267,16
RadioheadBot,2022-05-23,18:30:36.445379,18
BoardgameBot,2022-05-23,18:30:40.339953,19
RadioheadBot,2022-05-23,21:30:22.642105,15
BoardgameBot,2022-05-23,21:30:29.565105,25
ListBot,2022-05-23,23:46:42.814758,48
BoardgameBot,2022-05-24,00:43:22.337631,23
RadioheadBot,2022-05-24,01:01:24.839219,15
RadioheadBot,2022-05-24,03:30:28.724856,14
BoardgameBot,2022-05-24,03:30:47.541445,23
BoardgameBot,2022-05-24,06:30:24.251837,16
RadioheadBot,2022-05-24,06:30:56.613096,16
BoardgameBot,2022-05-24,09:30:35.967807,22
RadioheadBot,2022-05-24,09:31:04.158725,19
ListBot,2022-05-24,11:30:34.057940,47
RadioheadBot,2022-05-24,12:30:11.855764,17
BoardgameBot,2022-05-24,12:30:50.115901,22
RadioheadBot,2022-05-24,15:30:46.538103,13
BoardgameBot,2022-05-24,15:30:50.340748,19
RadioheadBot,2022-05-24,18:30:54.131861,18
BoardgameBot,2022-05-24,18:31:04.007064,17
BoardgameBot,2022-05-24,21:30:17.169520,22
RadioheadBot,2022-05-24,21:31:01.359930,12
ListBot,2022-05-24,23:31:06.436013,89
RadioheadBot,2022-05-25,00:30:11.721207,14
BoardgameBot,2022-05-25,00:30:30.492508,21
RadioheadBot,2022-05-25,03:30:23.088369,20
BoardgameBot,2022-05-25,03:30:45.553718,20
RadioheadBot,2022-05-25,06:30:31.222209,20
BoardgameBot,2022-05-25,06:30:58.555354,24
BoardgameBot,2022-05-25,09:30:18.421093,24
RadioheadBot,2022-05-25,09:30:40.170032,20
RadioheadBot,2022-05-25,12:30:53.729803,22
BoardgameBot,2022-05-25,12:30:55.557737,21
RadioheadBot,2022-05-25,15:30:16.803048,21
BoardgameBot,2022-05-25,15:30:23.329076,22
GenreBot,2022-05-25,18:30:10.861135,0
RadioheadBot,2022-05-25,18:30:31.611598,21
BoardgameBot,2022-05-25,18:30:43.361611,19
GenreBot,2022-05-25,21:02:59.520415,13
BoardgameBot,2022-05-25,21:30:08.699511,24
RadioheadBot,2022-05-25,21:30:49.327830,20
RadioheadBot,2022-05-26,00:45:09.704267,22
BoardgameBot,2022-05-26,00:45:34.437312,15
GenreBot,2022-05-26,02:35:59.058752,0
BoardgameBot,2022-05-26,03:30:34.181268,14
RadioheadBot,2022-05-26,03:31:04.057434,24
BoardgameBot,2022-05-26,06:30:11.747948,19
RadioheadBot,2022-05-26,06:30:32.647515,19
GenreBot,2022-05-26,08:30:00.978573,0
GenreBot,2022-05-26,09:00:01.959290,0
RadioheadBot,2022-05-26,09:30:07.251274,21
BoardgameBot,2022-05-26,09:30:13.528989,18
RadioheadBot,2022-05-26,12:30:48.646756,22
BoardgameBot,2022-05-26,12:30:50.508674,20
BoardgameBot,2022-05-26,15:30:58.995326,19
RadioheadBot,2022-05-26,15:30:59.555577,22
RadioheadBot,2022-05-26,18:30:07.522105,23
BoardgameBot,2022-05-26,18:30:14.269445,20
GenreBot,2022-05-26,18:30:53.554710,0
GenreBot,2022-05-26,21:01:03.832786,21
RadioheadBot,2022-05-26,21:34:26.067702,23
BoardgameBot,2022-05-26,21:34:43.361574,20
ListBot,2022-05-26,23:31:21.962878,76
RadioheadBot,2022-05-27,00:37:51.152344,22
BoardgameBot,2022-05-27,00:38:14.574039,14
GenreBot,2022-05-27,02:30:21.265018,0
BoardgameBot,2022-05-27,03:30:14.250841,18
RadioheadBot,2022-05-27,03:30:45.008802,15
RadioheadBot,2022-05-27,06:30:26.742166,21
BoardgameBot,2022-05-27,06:31:02.600370,21
GenreBot,2022-05-27,08:30:41.673017,0
GenreBot,2022-05-27,09:02:45.378330,71
RadioheadBot,2022-05-27,09:30:41.348504,22
BoardgameBot,2022-05-27,09:30:42.977273,20
ListBot,2022-05-27,11:31:03.488352,79
RadioheadBot,2022-05-27,12:30:50.685230,15
BoardgameBot,2022-05-27,12:31:03.697826,19
BoardgameBot,2022-05-27,15:30:20.840702,20
RadioheadBot,2022-05-27,15:30:59.343571,5
RadioheadBot,2022-05-27,18:30:07.177017,6
BoardgameBot,2022-05-27,18:30:36.098574,22
GenreBot,2022-05-27,18:30:50.019010,0
GenreBot,2022-05-27,21:00:52.299055,0
RadioheadBot,2022-05-27,21:30:16.553600,13
BoardgameBot,2022-05-27,21:30:50.554297,21
ListBot,2022-05-27,23:30:38.191985,59
RadioheadBot,2022-05-28,00:30:25.776164,12
BoardgameBot,2022-05-28,00:31:05.377991,21
GenreBot,2022-05-28,02:30:55.768283,0
BoardgameBot,2022-05-28,03:30:25.926847,20
RadioheadBot,2022-05-28,03:30:34.352798,16
RadioheadBot,2022-05-28,06:30:43.019237,9
BoardgameBot,2022-05-28,06:30:49.387614,24
GenreBot,2022-05-28,08:30:58.695189,0
GenreBot,2022-05-28,09:01:07.172885,19
RadioheadBot,2022-05-28,09:30:51.485447,15
BoardgameBot,2022-05-28,09:31:03.242794,24
ListBot,2022-05-28,11:31:13.186406,71
BoardgameBot,2022-05-28,12:30:19.889437,22
RadioheadBot,2022-05-28,12:30:59.948912,17
RadioheadBot,2022-05-28,15:30:09.231998,19
BoardgameBot,2022-05-28,15:30:34.014694,18
GenreBot,2022-05-28,18:30:11.626613,0
RadioheadBot,2022-05-28,18:30:18.848779,23
BoardgameBot,2022-05-28,18:30:50.156259,22
GenreBot,2022-05-28,21:03:53.661684,97
BoardgameBot,2022-05-28,21:30:07.809735,22
RadioheadBot,2022-05-28,21:30:27.603914,19
ListBot,2022-05-28,23:30:49.389897,62
BoardgameBot,2022-05-29,00:30:23.965145,23
RadioheadBot,2022-05-29,00:30:36.557948,18
GenreBot,2022-05-29,02:30:56.612687,0
BoardgameBot,2022-05-29,03:30:40.600786,19
RadioheadBot,2022-05-29,03:30:45.335030,16
RadioheadBot,2022-05-29,06:30:53.849689,10
BoardgameBot,2022-05-29,06:30:56.387057,23
GenreBot,2022-05-29,08:30:59.540175,0
GenreBot,2022-05-29,09:01:03.992080,3
BoardgameBot,2022-05-29,09:30:11.899150,21
RadioheadBot,2022-05-29,09:31:02.695457,20
ListBot,2022-05-29,11:31:25.595957,65
RadioheadBot,2022-05-29,12:30:11.780203,21
BoardgameBot,2022-05-29,12:30:26.174206,19
RadioheadBot,2022-05-29,15:30:20.749261,12
BoardgameBot,2022-05-29,15:30:40.235013,22
GenreBot,2022-05-29,18:30:08.699096,0
RadioheadBot,2022-05-29,18:30:30.067844,13
BoardgameBot,2022-05-29,18:30:55.464345,21
GenreBot,2022-05-29,21:00:20.396257,26
BoardgameBot,2022-05-29,21:30:11.291211,22
RadioheadBot,2022-05-29,21:30:39.590159,21
ListBot,2022-05-29,23:31:00.164715,69
BoardgameBot,2022-05-30,00:30:25.670666,18
RadioheadBot,2022-05-30,00:30:48.594014,17
GenreBot,2022-05-30,02:30:23.357339,0
BoardgameBot,2022-05-30,03:30:42.357862,17
RadioheadBot,2022-05-30,03:30:57.382310,21
BoardgameBot,2022-05-30,06:31:01.416354,19
RadioheadBot,2022-05-30,06:31:06.850299,20
GenreBot,2022-05-30,08:30:26.234509,0
GenreBot,2022-05-30,09:00:27.939096,0
RadioheadBot,2022-05-30,09:30:16.706781,21
BoardgameBot,2022-05-30,09:30:17.486268,24
ListBot,2022-05-30,11:30:36.476568,82
RadioheadBot,2022-05-30,12:30:26.659350,22
BoardgameBot,2022-05-30,12:30:34.273638,22
RadioheadBot,2022-05-30,15:30:36.156900,23
BoardgameBot,2022-05-30,15:30:49.172367,24
GenreBot,2022-05-30,18:30:32.636555,0
RadioheadBot,2022-05-30,18:30:45.901805,22
BoardgameBot,2022-05-30,18:31:03.334682,15
GenreBot,2022-05-30,21:00:34.662297,0
BoardgameBot,2022-05-30,21:30:17.529442,19
RadioheadBot,2022-05-30,21:30:54.881906,20
ListBot,2022-05-30,23:31:10.801932,63
BoardgameBot,2022-05-31,00:30:33.664610,17
RadioheadBot,2022-05-31,00:31:03.881695,23
GenreBot,2022-05-31,02:30:37.714405,0
RadioheadBot,2022-05-31,03:30:12.819525,19
BoardgameBot,2022-05-31,03:30:49.355330,20
RadioheadBot,2022-05-31,06:30:21.391074,23
BoardgameBot,2022-05-31,06:31:03.697703,23
GenreBot,2022-05-31,08:30:40.333194,0
GenreBot,2022-05-31,09:04:02.676549,227
BoardgameBot,2022-05-31,09:30:16.826153,21
RadioheadBot,2022-05-31,09:30:28.981816,23
ListBot,2022-05-31,11:30:38.732454,50
RadioheadBot,2022-05-31,12:30:36.668698,24
BoardgameBot,2022-05-31,12:30:38.220900,24
BandNameBot,2022-05-31,15:15:46.584253,0
RadioheadBot,2022-05-31,15:30:51.695399,25
BoardgameBot,2022-05-31,15:30:53.125545,22
BandNameBot,2022-05-31,16:04:57.474086,0
BandNameBot,2022-05-31,16:05:29.342770,20
BandNameBot,2022-05-31,18:15:48.342390,24
GenreBot,2022-05-31,18:30:51.274219,0
RadioheadBot,2022-05-31,18:30:57.337245,14
BoardgameBot,2022-05-31,18:31:05.302880,24
GenreBot,2022-05-31,21:00:21.997120,0
BandNameBot,2022-05-31,21:15:18.012585,20
RadioheadBot,2022-05-31,21:30:33.686904,16
BoardgameBot,2022-05-31,21:30:50.165472,23
ListBot,2022-05-31,23:30:43.878321,70
BandNameBot,2022-06-01,00:15:25.575132,18
RadioheadBot,2022-06-01,00:30:41.693308,14
BoardgameBot,2022-06-01,00:31:02.033153,13
GenreBot,2022-06-01,02:30:24.943502,0
BandNameBot,2022-06-01,03:15:33.177008,16
BoardgameBot,2022-06-01,03:30:18.281983,14
RadioheadBot,2022-06-01,03:30:50.264060,16
BandNameBot,2022-06-01,06:15:41.038136,20
BoardgameBot,2022-06-01,06:30:37.550807,22
RadioheadBot,2022-06-01,06:30:57.317973,11
GenreBot,2022-06-01,08:40:22.505948,0
GenreBot,2022-06-01,09:00:48.575885,27
BandNameBot,2022-06-01,09:15:28.548655,20
RadioheadBot,2022-06-01,09:20:29.166742,15
BoardgameBot,2022-06-01,09:30:37.194305,25
ListBot,2022-06-01,11:30:43.292782,81
BandNameBot,2022-06-01,12:16:04.255837,25
RadioheadBot,2022-06-01,12:21:02.407876,14
BoardgameBot,2022-06-01,12:31:08.810801,16
BandNameBot,2022-06-01,15:16:49.321108,24
RadioheadBot,2022-06-01,15:20:39.221447,15
BoardgameBot,2022-06-01,15:30:58.266800,22
BandNameBot,2022-06-01,18:15:44.500288,23
RadioheadBot,2022-06-01,18:20:29.640022,16
BoardgameBot,2022-06-01,18:31:02.748262,14
GenreBot,2022-06-01,18:40:52.468790,0
GenreBot,2022-06-01,21:01:22.584518,15
BandNameBot,2022-06-01,21:16:39.878869,22
RadioheadBot,2022-06-01,21:21:12.063736,20
BoardgameBot,2022-06-01,21:31:03.552392,20
ListBot,2022-06-01,23:26:16.810893,49
BandNameBot,2022-06-02,00:16:27.342818,21
RadioheadBot,2022-06-02,00:20:51.804636,14
BoardgameBot,2022-06-02,00:30:54.180142,17
GenreBot,2022-06-02,02:40:25.540669,0
BandNameBot,2022-06-02,03:16:10.575839,20
RadioheadBot,2022-06-02,03:21:26.804562,14
BoardgameBot,2022-06-02,03:30:20.735541,12
BandNameBot,2022-06-02,06:16:02.913891,20
RadioheadBot,2022-06-02,06:20:52.311141,11
BoardgameBot,2022-06-02,06:31:01.930047,16
GenreBot,2022-06-02,08:40:28.284825,0
GenreBot,2022-06-02,09:02:59.700616,73
BandNameBot,2022-06-02,09:16:40.757950,23
RadioheadBot,2022-06-02,09:21:28.743812,14
BoardgameBot,2022-06-02,09:30:51.145074,17
ListBot,2022-06-02,11:25:48.128809,71
BandNameBot,2022-06-02,12:16:33.205425,24
RadioheadBot,2022-06-02,12:20:58.903817,13
BoardgameBot,2022-06-02,12:31:23.366398,15
RadioheadBot,2022-06-02,15:20:31.348226,13
BoardgameBot,2022-06-02,15:31:05.824306,19
BandNameBot,2022-06-02,18:15:46.600440,18
RadioheadBot,2022-06-02,18:20:56.101057,14
GenreBot,2022-06-02,18:45:19.818145,0
BoardgameBot,2022-06-02,19:19:33.519938,19
GenreBot,2022-06-02,21:06:55.571416,1
RadioheadBot,2022-06-02,21:22:35.281285,13
BandNameBot,2022-06-02,21:22:37.128930,24
BoardgameBot,2022-06-02,21:31:34.394971,14
ListBot,2022-06-02,23:25:41.773993,75
BoardgameBot,2022-06-03,00:30:30.038173,18
BandNameBot,2022-06-03,00:45:48.233014,22
RadioheadBot,2022-06-03,00:46:27.125545,12
GenreBot,2022-06-03,02:46:58.675184,0
BandNameBot,2022-06-03,03:16:05.213046,17
RadioheadBot,2022-06-03,03:20:26.622348,14
BoardgameBot,2022-06-03,03:30:59.768605,22
BandNameBot,2022-06-03,06:16:30.293949,22
RadioheadBot,2022-06-03,06:20:36.439906,14
GenreBot,2022-06-03,08:40:41.773948,0
GenreBot,2022-06-03,09:01:33.734494,21
BandNameBot,2022-06-03,09:16:32.853845,19
RadioheadBot,2022-06-03,09:21:13.382917,15
ListBot,2022-06-03,11:26:17.285731,67
BandNameBot,2022-06-03,12:16:16.206776,20
RadioheadBot,2022-06-03,12:20:44.427788,15
BoardgameBot,2022-06-03,12:31:18.764410,23
BandNameBot,2022-06-03,15:16:06.666628,13
RadioheadBot,2022-06-03,15:21:36.791028,14
BoardgameBot,2022-06-03,15:31:40.857909,24
BandNameBot,2022-06-03,18:15:55.216893,22
RadioheadBot,2022-06-03,18:21:17.179814,18
BoardgameBot,2022-06-03,18:31:32.252416,20
GenreBot,2022-06-03,18:40:48.638489,0
GenreBot,2022-06-03,21:02:27.231274,49
BandNameBot,2022-06-03,21:16:48.469659,21
RadioheadBot,2022-06-03,21:20:53.189021,12
BoardgameBot,2022-06-03,21:31:27.651310,24
ListBot,2022-06-03,23:25:57.427484,44
BandNameBot,2022-06-04,00:16:20.773936,11
RadioheadBot,2022-06-04,00:21:19.173335,12
BoardgameBot,2022-06-04,00:31:20.455185,23
GenreBot,2022-06-04,02:40:30.604284,0
BandNameBot,2022-06-04,03:16:08.576337,19
RadioheadBot,2022-06-04,03:20:53.430393,13
BoardgameBot,2022-06-04,03:31:18.708322,21
BandNameBot,2022-06-04,06:15:59.609384,20
RadioheadBot,2022-06-04,06:21:18.909993,13
BoardgameBot,2022-06-04,06:31:04.777052,21
GenreBot,2022-06-04,08:40:34.087166,0
GenreBot,2022-06-04,09:03:35.613778,80
BandNameBot,2022-06-04,09:15:48.874038,23
RadioheadBot,2022-06-04,09:20:45.473207,14
BoardgameBot,2022-06-04,09:30:48.061451,15
ListBot,2022-06-04,11:25:29.184509,51
BandNameBot,2022-06-04,12:16:06.203924,8
RadioheadBot,2022-06-04,12:21:21.126527,13
BoardgameBot,2022-06-04,12:31:46.350513,22
BandNameBot,2022-06-04,15:15:35.933471,12
RadioheadBot,2022-06-04,15:21:00.881376,17
BoardgameBot,2022-06-04,15:31:42.568458,21
BandNameBot,2022-06-04,18:16:00.728340,16
RadioheadBot,2022-06-04,18:20:26.872731,13
BoardgameBot,2022-06-04,18:31:35.056104,23
GenreBot,2022-06-04,18:40:41.053586,0
GenreBot,2022-06-04,21:02:28.577240,44
BandNameBot,2022-06-04,21:15:42.749344,19
RadioheadBot,2022-06-04,21:21:07.829969,15
BoardgameBot,2022-06-04,21:31:20.477087,20
ListBot,2022-06-04,23:25:58.990983,53
BandNameBot,2022-06-05,00:16:14.519506,14
RadioheadBot,2022-06-05,00:20:44.275412,15
BoardgameBot,2022-06-05,00:31:13.009179,19
GenreBot,2022-06-05,02:40:32.005833,0
BandNameBot,2022-06-05,03:15:40.808537,8
RadioheadBot,2022-06-05,03:21:17.404826,14
BoardgameBot,2022-06-05,03:31:22.894113,23
BandNameBot,2022-06-05,06:16:25.003321,15
RadioheadBot,2022-06-05,06:20:46.874011,13
BoardgameBot,2022-06-05,06:31:06.904173,18
GenreBot,2022-06-05,08:40:35.516898,0
GenreBot,2022-06-05,09:03:16.046382,73
BandNameBot,2022-06-05,09:16:17.194037,20
RadioheadBot,2022-06-05,09:21:19.781211,18
BoardgameBot,2022-06-05,09:31:07.479479,21
ListBot,2022-06-05,11:25:38.673785,58
BandNameBot,2022-06-05,12:16:00.621338,19
RadioheadBot,2022-06-05,12:20:49.536272,15
BoardgameBot,2022-06-05,12:31:05.037397,23
BandNameBot,2022-06-05,15:15:41.364653,20
RadioheadBot,2022-06-05,15:21:23.979754,15
BoardgameBot,2022-06-05,15:30:57.816260,19
BandNameBot,2022-06-05,18:16:32.436108,22
RadioheadBot,2022-06-05,18:20:51.814966,10
BoardgameBot,2022-06-05,18:30:58.226636,18
GenreBot,2022-06-05,18:40:21.483625,0
GenreBot,2022-06-05,21:00:28.285940,2
BandNameBot,2022-06-05,21:16:27.787360,23
RadioheadBot,2022-06-05,21:21:21.898884,14
BoardgameBot,2022-06-05,21:31:05.466647,22
ListBot,2022-06-05,23:26:16.723407,63
BandNameBot,2022-06-06,00:16:12.194256,16
RadioheadBot,2022-06-06,00:20:53.221349,13
BoardgameBot,2022-06-06,00:30:55.143366,14
GenreBot,2022-06-06,02:40:31.735589,0
BandNameBot,2022-06-06,03:15:54.732158,21
RadioheadBot,2022-06-06,03:21:23.550922,14
BoardgameBot,2022-06-06,03:30:36.375071,20
BandNameBot,2022-06-06,06:16:27.616608,15
RadioheadBot,2022-06-06,06:21:02.934000,15
BoardgameBot,2022-06-06,06:31:25.740924,22
GenreBot,2022-06-06,08:40:34.807480,0
GenreBot,2022-06-06,09:03:46.078676,90
BandNameBot,2022-06-06,09:16:13.246093,20
RadioheadBot,2022-06-06,09:20:35.350411,14
BoardgameBot,2022-06-06,09:31:21.859876,22
ListBot,2022-06-06,11:25:47.004685,67
BandNameBot,2022-06-06,12:16:20.945477,14
RadioheadBot,2022-06-06,12:28:31.690842,15
BoardgameBot,2022-06-06,12:47:05.943890,22
BandNameBot,2022-06-06,15:15:57.852497,15
RadioheadBot,2022-06-06,15:20:55.501204,16
BoardgameBot,2022-06-06,15:30:55.340187,12
BandNameBot,2022-06-06,18:15:38.395435,21
RadioheadBot,2022-06-06,18:21:20.736279,14
BoardgameBot,2022-06-06,18:30:39.051827,21
GenreBot,2022-06-06,18:40:51.697611,0
GenreBot,2022-06-06,21:04:13.313574,86
BandNameBot,2022-06-06,21:16:26.685028,20
RadioheadBot,2022-06-06,21:20:49.425043,13
BoardgameBot,2022-06-06,21:31:38.330117,23
ListBot,2022-06-06,23:26:20.491120,53
BandNameBot,2022-06-07,00:16:05.980236,14
RadioheadBot,2022-06-07,00:21:18.403753,17
BoardgameBot,2022-06-07,00:31:17.269793,17
GenreBot,2022-06-07,02:40:16.839788,0
BandNameBot,2022-06-07,03:15:19.013691,4
RadioheadBot,2022-06-07,03:20:50.316837,14
BoardgameBot,2022-06-07,03:31:02.516318,17
BandNameBot,2022-06-07,06:15:42.816841,6
RadioheadBot,2022-06-07,06:21:28.261109,14
BoardgameBot,2022-06-07,06:30:54.823454,20
GenreBot,2022-06-07,08:40:19.919406,0
GenreBot,2022-06-07,09:02:08.826241,53
BandNameBot,2022-06-07,09:16:03.670264,6
RadioheadBot,2022-06-07,09:21:03.157190,13
BoardgameBot,2022-06-07,09:30:39.239711,22
ListBot,2022-06-07,11:25:31.761538,57
BandNameBot,2022-06-07,12:15:55.759488,17
RadioheadBot,2022-06-07,12:20:49.035431,13
BoardgameBot,2022-06-07,12:30:43.082494,18
BandNameBot,2022-06-07,15:16:26.633340,13
RadioheadBot,2022-06-07,15:21:23.448931,14
BoardgameBot,2022-06-07,15:31:21.206509,17
BandNameBot,2022-06-07,18:15:33.968404,13
RadioheadBot,2022-06-07,18:20:27.353124,14
BoardgameBot,2022-06-07,18:35:31.938780,20
GenreBot,2022-06-07,18:40:44.892443,0
GenreBot,2022-06-07,21:03:25.651518,77
RadioheadBot,2022-06-07,21:20:43.633393,15
BandNameBot,2022-06-07,21:20:48.250587,15
BoardgameBot,2022-06-07,21:31:13.103525,17
ListBot,2022-06-07,23:25:36.584883,63
RadioheadBot,2022-06-08,00:44:57.016172,14
BandNameBot,2022-06-08,00:45:02.096905,17
BoardgameBot,2022-06-08,00:45:19.388193,12
GenreBot,2022-06-08,02:40:04.271300,0
RadioheadBot,2022-06-08,03:42:45.193369,16
BandNameBot,2022-06-08,03:42:55.447856,16
BoardgameBot,2022-06-08,03:43:18.799973,20
BandNameBot,2022-06-08,06:20:22.153189,22
RadioheadBot,2022-06-08,06:20:59.587943,17
BoardgameBot,2022-06-08,06:30:27.513996,17
GenreBot,2022-06-08,08:44:20.005999,0
GenreBot,2022-06-08,09:08:20.887552,81
BandNameBot,2022-06-08,09:15:37.572628,21
RadioheadBot,2022-06-08,09:21:22.269408,19
BoardgameBot,2022-06-08,09:31:01.973306,19
ListBot,2022-06-08,11:26:15.443273,52
BandNameBot,2022-06-08,13:00:51.048244,25
RadioheadBot,2022-06-08,13:02:22.522242,18
BoardgameBot,2022-06-08,13:51:23.890622,21
BandNameBot,2022-06-08,15:16:22.365984,19
RadioheadBot,2022-06-08,15:20:51.772430,11
BoardgameBot,2022-06-08,15:31:09.595468,24
BandNameBot,2022-06-08,18:16:17.541724,25
RadioheadBot,2022-06-08,18:21:32.137365,14
BoardgameBot,2022-06-08,18:30:59.027365,22
GenreBot,2022-06-08,18:40:52.033448,0
GenreBot,2022-06-08,21:03:27.778334,78
BandNameBot,2022-06-08,21:16:04.225881,24
RadioheadBot,2022-06-08,21:21:08.094690,14
BoardgameBot,2022-06-08,21:30:50.336415,23
ListBot,2022-06-08,23:26:16.075633,72
BandNameBot,2022-06-09,00:15:57.273769,24
RadioheadBot,2022-06-09,00:20:38.993864,13
BoardgameBot,2022-06-09,00:30:51.573244,22
GenreBot,2022-06-09,02:40:30.674349,0
BandNameBot,2022-06-09,03:16:40.171207,18
RadioheadBot,2022-06-09,03:21:05.511456,13
BoardgameBot,2022-06-09,03:30:46.328301,24
BandNameBot,2022-06-09,06:16:21.239652,15
RadioheadBot,2022-06-09,06:20:37.727685,13
BoardgameBot,2022-06-09,06:31:21.220731,17
GenreBot,2022-06-09,08:40:33.220497,0
GenreBot,2022-06-09,09:02:39.282752,74
BandNameBot,2022-06-09,09:15:59.772424,17
RadioheadBot,2022-06-09,09:21:12.425843,14
BoardgameBot,2022-06-09,09:31:18.309991,23
ListBot,2022-06-09,11:25:48.629009,75
BandNameBot,2022-06-09,12:15:41.492996,21
RadioheadBot,2022-06-09,12:20:39.870304,10
BoardgameBot,2022-06-09,12:31:25.058183,23
BandNameBot,2022-06-09,15:16:27.188519,22
RadioheadBot,2022-06-09,15:21:08.999831,16
BoardgameBot,2022-06-09,15:31:22.922465,23
BandNameBot,2022-06-09,18:16:02.628064,18
RadioheadBot,2022-06-09,18:20:43.978983,11
BoardgameBot,2022-06-09,18:31:24.284712,25
GenreBot,2022-06-09,18:40:44.404778,0
GenreBot,2022-06-09,21:03:14.079809,79
BandNameBot,2022-06-09,21:15:42.741932,18
RadioheadBot,2022-06-09,21:21:16.208641,15
BoardgameBot,2022-06-09,21:31:33.907579,24
ListBot,2022-06-09,23:26:18.491379,47
BandNameBot,2022-06-10,00:16:32.553258,21
RadioheadBot,2022-06-10,00:20:52.385873,11
BoardgameBot,2022-06-10,00:31:28.083482,23
GenreBot,2022-06-10,02:40:17.677239,0
BandNameBot,2022-06-10,03:16:06.381095,16
RadioheadBot,2022-06-10,03:21:14.282867,10
BoardgameBot,2022-06-10,03:31:37.354714,21
BandNameBot,2022-06-10,06:15:44.248212,19
RadioheadBot,2022-06-10,06:20:40.551875,12
BoardgameBot,2022-06-10,06:31:31.362043,21
GenreBot,2022-06-10,08:40:20.593698,0
GenreBot,2022-06-10,09:10:21.613688,43
BandNameBot,2022-06-10,09:16:42.315127,23
RadioheadBot,2022-06-10,09:21:25.652631,14
BoardgameBot,2022-06-10,09:31:42.346907,22
ListBot,2022-06-10,11:26:22.624493,61
BandNameBot,2022-06-10,12:16:16.367808,15
RadioheadBot,2022-06-10,12:21:03.336709,20
BoardgameBot,2022-06-10,12:31:35.179182,19
BandNameBot,2022-06-10,15:15:50.520502,20
RadioheadBot,2022-06-10,15:20:40.175681,18
BoardgameBot,2022-06-10,15:31:41.029094,24
BandNameBot,2022-06-10,18:15:52.251093,21
RadioheadBot,2022-06-10,18:20:34.299330,15
BoardgameBot,2022-06-10,18:31:01.831672,22
GenreBot,2022-06-10,18:40:50.360723,0
GenreBot,2022-06-10,21:00:57.557707,16
RadioheadBot,2022-06-10,21:22:18.490952,17
BandNameBot,2022-06-10,21:22:52.920347,19
BoardgameBot,2022-06-10,21:31:06.668253,23
ListBot,2022-06-10,23:28:39.764894,70
BandNameBot,2022-06-11,00:15:40.108554,21
RadioheadBot,2022-06-11,00:20:58.570737,14
BoardgameBot,2022-06-11,00:45:11.195860,17
GenreBot,2022-06-11,02:55:33.671634,0
BandNameBot,2022-06-11,03:16:12.914830,18
RadioheadBot,2022-06-11,03:21:23.895246,15
BoardgameBot,2022-06-11,03:31:15.005708,22
BandNameBot,2022-06-11,06:15:33.577301,15
RadioheadBot,2022-06-11,06:20:41.847506,15
BoardgameBot,2022-06-11,06:30:40.353599,20
GenreBot,2022-06-11,08:40:15.549143,0
GenreBot,2022-06-11,09:03:06.206016,81
BandNameBot,2022-06-11,09:15:59.648246,18
RadioheadBot,2022-06-11,09:21:14.181717,14
BoardgameBot,2022-06-11,09:31:30.293551,21
ListBot,2022-06-11,11:25:30.397762,76
BandNameBot,2022-06-11,12:15:48.385517,22
RadioheadBot,2022-06-11,12:21:04.207492,16
BoardgameBot,2022-06-11,12:31:28.829869,22
BandNameBot,2022-06-11,15:20:05.976425,22
RadioheadBot,2022-06-11,15:21:11.246764,13
BoardgameBot,2022-06-11,15:30:47.215766,22
BandNameBot,2022-06-11,18:16:02.262715,20
RadioheadBot,2022-06-11,18:20:55.249672,13
BoardgameBot,2022-06-11,18:31:37.909331,25
GenreBot,2022-06-11,18:40:04.236965,0
GenreBot,2022-06-11,21:00:21.826190,0
BandNameBot,2022-06-11,21:16:15.847693,22
RadioheadBot,2022-06-11,21:20:38.511335,12
BoardgameBot,2022-06-11,21:41:08.325212,24
ListBot,2022-06-11,23:25:44.130995,51
BandNameBot,2022-06-12,00:16:36.833346,19
RadioheadBot,2022-06-12,00:20:49.980718,13
BoardgameBot,2022-06-12,00:31:18.299359,22
GenreBot,2022-06-12,02:53:54.994118,0
BandNameBot,2022-06-12,03:16:15.350672,25
RadioheadBot,2022-06-12,03:21:14.980517,14
BoardgameBot,2022-06-12,03:30:46.337942,13
BandNameBot,2022-06-12,06:16:05.374054,24
RadioheadBot,2022-06-12,06:20:34.771245,15
BoardgameBot,2022-06-12,06:31:28.312086,20
GenreBot,2022-06-12,08:41:01.665789,0
GenreBot,2022-06-12,09:00:28.012911,0
BandNameBot,2022-06-12,09:16:28.254599,20
RadioheadBot,2022-06-12,09:20:42.469450,15
BoardgameBot,2022-06-12,09:31:08.703723,24
ListBot,2022-06-12,11:25:51.747415,56
RadioheadBot,2022-06-12,12:35:19.943412,15
BandNameBot,2022-06-12,12:35:23.741599,22
BoardgameBot,2022-06-12,12:51:24.582808,18
BandNameBot,2022-06-12,15:15:39.763471,23
RadioheadBot,2022-06-12,15:21:16.561356,9
BoardgameBot,2022-06-12,15:31:28.159122,18
BandNameBot,2022-06-12,18:15:58.419242,22
RadioheadBot,2022-06-12,18:21:30.928094,17
GenreBot,2022-06-12,18:47:00.499214,0
BoardgameBot,2022-06-12,18:48:21.445468,21
GenreBot,2022-06-12,21:01:23.890822,19
BandNameBot,2022-06-12,21:15:51.986981,24
RadioheadBot,2022-06-12,21:29:12.091939,15
BoardgameBot,2022-06-12,21:31:18.857468,16
ListBot,2022-06-12,23:29:55.209144,54
BandNameBot,2022-06-13,00:15:32.100833,16
RadioheadBot,2022-06-13,00:21:01.024441,17
BoardgameBot,2022-06-13,00:45:41.212278,15
GenreBot,2022-06-13,02:53:04.798871,0
BandNameBot,2022-06-13,03:15:53.151172,19
RadioheadBot,2022-06-13,03:21:05.104048,17
BoardgameBot,2022-06-13,03:31:00.798480,19
BandNameBot,2022-06-13,06:16:08.073882,22
RadioheadBot,2022-06-13,06:21:00.605798,16
BoardgameBot,2022-06-13,06:30:53.506092,21
GenreBot,2022-06-13,08:40:24.730174,0
GenreBot,2022-06-13,09:03:20.722617,86
BandNameBot,2022-06-13,09:15:54.751356,24
RadioheadBot,2022-06-13,09:20:42.273561,18
BoardgameBot,2022-06-13,09:31:49.564697,24
ListBot,2022-06-13,11:26:11.620602,71
BandNameBot,2022-06-13,12:16:53.419923,25
RadioheadBot,2022-06-13,12:21:17.514045,21
BoardgameBot,2022-06-13,12:31:33.788952,22
BandNameBot,2022-06-13,15:16:35.934854,22
RadioheadBot,2022-06-13,15:20:55.483090,18
BoardgameBot,2022-06-13,15:31:19.031017,20
BandNameBot,2022-06-13,18:16:24.617321,24
RadioheadBot,2022-06-13,18:21:39.011349,17
BoardgameBot,2022-06-13,18:31:05.835033,20
GenreBot,2022-06-13,18:40:25.079996,0
GenreBot,2022-06-13,21:01:29.623345,19
BandNameBot,2022-06-13,21:16:12.760534,22
RadioheadBot,2022-06-13,21:20:59.429470,10
BoardgameBot,2022-06-13,21:30:59.697335,20
ListBot,2022-06-13,23:25:45.156188,66
BandNameBot,2022-06-14,00:16:00.491610,24
RadioheadBot,2022-06-14,00:20:46.976064,17
BoardgameBot,2022-06-14,00:30:50.173630,20
GenreBot,2022-06-14,02:40:32.777638,0
BandNameBot,2022-06-14,03:15:42.351905,22
RadioheadBot,2022-06-14,03:21:28.780880,17
BoardgameBot,2022-06-14,03:31:37.255796,18
BandNameBot,2022-06-14,06:16:25.725746,21
RadioheadBot,2022-06-14,06:20:56.020549,13
BoardgameBot,2022-06-14,06:31:22.215751,22
GenreBot,2022-06-14,08:40:35.743801,0
GenreBot,2022-06-14,09:03:30.669677,74
BandNameBot,2022-06-14,09:16:10.562269,24
RadioheadBot,2022-06-14,09:21:27.783250,16
BoardgameBot,2022-06-14,09:31:13.431190,21
ListBot,2022-06-14,11:26:15.729001,49
BandNameBot,2022-06-14,12:15:56.679185,21
RadioheadBot,2022-06-14,12:21:03.675553,16
BoardgameBot,2022-06-14,12:31:05.005459,22
BandNameBot,2022-06-14,15:16:40.135860,20
RadioheadBot,2022-06-14,15:20:46.864430,18
BoardgameBot,2022-06-14,15:30:57.565184,15
BandNameBot,2022-06-14,18:16:26.502443,22
RadioheadBot,2022-06-14,18:21:09.006131,11
BoardgameBot,2022-06-14,18:30:45.450950,18
GenreBot,2022-06-14,18:40:35.140049,0
GenreBot,2022-06-14,21:03:23.743764,85
BandNameBot,2022-06-14,21:16:02.285474,21
RadioheadBot,2022-06-14,21:20:31.713682,15
BoardgameBot,2022-06-14,21:31:29.156892,14
ListBot,2022-06-14,23:25:47.688865,61
BandNameBot,2022-06-15,00:15:38.334530,19
RadioheadBot,2022-06-15,00:21:04.295446,13
BoardgameBot,2022-06-15,00:31:26.369121,20
GenreBot,2022-06-15,02:40:27.147592,0
BandNameBot,2022-06-15,03:16:27.075158,22
RadioheadBot,2022-06-15,03:20:30.617215,12
BoardgameBot,2022-06-15,03:31:24.423865,16
BandNameBot,2022-06-15,06:16:13.496321,18
RadioheadBot,2022-06-15,06:21:02.508794,14
BoardgameBot,2022-06-15,06:31:23.511597,23
BandNameBot,2022-06-15,09:16:38.208482,25
RadioheadBot,2022-06-15,09:21:08.967735,15
BoardgameBot,2022-06-15,09:30:46.439913,20
ListBot,2022-06-15,11:25:48.875203,59
BandNameBot,2022-06-15,12:16:16.004449,17
RadioheadBot,2022-06-15,12:20:42.097589,17
BoardgameBot,2022-06-15,12:31:35.617835,21
BandNameBot,2022-06-15,15:16:35.199012,22
RadioheadBot,2022-06-15,15:20:32.767652,16
BoardgameBot,2022-06-15,15:30:49.946132,23
BandNameBot,2022-06-15,18:16:21.642155,21
RadioheadBot,2022-06-15,18:21:13.017368,18
BoardgameBot,2022-06-15,18:31:22.028151,16
GenreBot,2022-06-15,18:40:21.790070,0
GenreBot,2022-06-15,21:00:43.451584,8
BandNameBot,2022-06-15,21:16:06.935320,20
RadioheadBot,2022-06-15,21:20:46.925401,15
BoardgameBot,2022-06-15,21:31:16.951424,21
ListBot,2022-06-15,23:25:42.749789,55
BandNameBot,2022-06-16,00:15:22.700361,7
RadioheadBot,2022-06-16,00:21:24.657746,16
BoardgameBot,2022-06-16,00:31:13.273351,19
GenreBot,2022-06-16,02:40:46.858764,0
BandNameBot,2022-06-16,03:15:59.365533,12
RadioheadBot,2022-06-16,03:21:05.042743,15
BoardgameBot,2022-06-16,03:31:02.219212,21
BandNameBot,2022-06-16,06:15:27.568552,17
RadioheadBot,2022-06-16,06:20:32.613820,15
BoardgameBot,2022-06-16,06:30:46.644440,18
GenreBot,2022-06-16,08:40:49.748367,0
RadioheadBot,2022-06-16,09:21:01.818315,16
ListBot,2022-06-16,11:26:11.628603,58
RadioheadBot,2022-06-16,12:20:32.220739,13
RadioheadBot,2022-06-16,15:21:03.572494,13
BandNameBot,2022-06-16,18:16:43.424494,20
RadioheadBot,2022-06-16,18:21:25.734797,15
GenreBot,2022-06-16,18:40:58.165190,0
GenreBot,2022-06-16,21:03:33.021612,73
BandNameBot,2022-06-16,21:16:25.190730,20
RadioheadBot,2022-06-16,21:20:52.987859,11
ListBot,2022-06-16,23:25:25.982863,70
BandNameBot,2022-06-17,00:16:17.342512,23
RadioheadBot,2022-06-17,00:21:18.790393,13
GenreBot,2022-06-17,02:40:36.322359,0
BandNameBot,2022-06-17,03:16:17.576055,22
RadioheadBot,2022-06-17,03:20:54.543970,15
BandNameBot,2022-06-17,06:16:04.531330,21
RadioheadBot,2022-06-17,06:21:29.465942,15
GenreBot,2022-06-17,08:40:58.144830,0
GenreBot,2022-06-17,09:03:44.863401,79
BandNameBot,2022-06-17,09:16:37.878975,22
RadioheadBot,2022-06-17,09:21:30.435277,12
BoardgameBot,2022-06-17,09:30:37.351533,19
ListBot,2022-06-17,11:25:45.284918,38
BandNameBot,2022-06-17,12:16:26.553955,24
RadioheadBot,2022-06-17,12:21:29.443023,14
BoardgameBot,2022-06-17,12:31:07.720405,20
BandNameBot,2022-06-17,15:16:36.680095,23
RadioheadBot,2022-06-17,15:21:31.713828,15
BoardgameBot,2022-06-17,15:31:19.974401,20
BandNameBot,2022-06-17,18:16:43.428469,23
RadioheadBot,2022-06-17,18:21:03.038907,12
BoardgameBot,2022-06-17,18:31:07.822271,16
GenreBot,2022-06-17,18:40:53.951994,0
GenreBot,2022-06-17,21:04:54.332748,70
BandNameBot,2022-06-17,21:16:34.050754,21
RadioheadBot,2022-06-17,21:20:49.069906,14
BoardgameBot,2022-06-17,21:31:10.744042,22
ListBot,2022-06-17,23:25:47.680925,52
BandNameBot,2022-06-18,00:16:37.913218,24
RadioheadBot,2022-06-18,00:20:42.194466,16
BoardgameBot,2022-06-18,00:30:57.045321,21
GenreBot,2022-06-18,02:40:58.642866,0
BandNameBot,2022-06-18,03:16:38.300477,21
RadioheadBot,2022-06-18,03:21:27.867924,15
BoardgameBot,2022-06-18,03:31:00.543707,21
BandNameBot,2022-06-18,06:16:25.501673,18
RadioheadBot,2022-06-18,06:21:12.581380,16
BoardgameBot,2022-06-18,06:31:06.538588,21
GenreBot,2022-06-18,08:40:04.938856,0
GenreBot,2022-06-18,09:03:51.383689,75
BandNameBot,2022-06-18,09:16:09.443981,22
RadioheadBot,2022-06-18,09:20:52.873841,18
BoardgameBot,2022-06-18,09:31:15.510478,21
ListBot,2022-06-18,11:25:25.192371,46
BandNameBot,2022-06-18,12:16:06.553351,18
RadioheadBot,2022-06-18,12:21:33.819390,17
BoardgameBot,2022-06-18,12:31:43.777034,22
BandNameBot,2022-06-18,15:15:50.177807,16
RadioheadBot,2022-06-18,15:21:10.960459,14
BoardgameBot,2022-06-18,15:31:47.528423,23
BandNameBot,2022-06-18,18:15:37.953174,17
RadioheadBot,2022-06-18,18:21:08.862133,14
BoardgameBot,2022-06-18,18:30:50.854823,21
GenreBot,2022-06-18,18:40:56.367255,0
GenreBot,2022-06-18,21:04:21.182039,61
BandNameBot,2022-06-18,21:16:09.435433,13
RadioheadBot,2022-06-18,21:20:56.641090,14
BoardgameBot,2022-06-18,21:30:43.969594,18
ListBot,2022-06-18,23:25:33.495312,55
BandNameBot,2022-06-19,00:15:56.951205,17
RadioheadBot,2022-06-19,00:20:32.080464,13
BoardgameBot,2022-06-19,00:30:49.881203,22
GenreBot,2022-06-19,02:40:29.396919,0
BandNameBot,2022-06-19,03:15:38.626313,14
RadioheadBot,2022-06-19,03:21:06.376003,10
BoardgameBot,2022-06-19,03:30:56.101268,19
BandNameBot,2022-06-19,06:16:01.638929,11
RadioheadBot,2022-06-19,06:20:31.895411,8
BoardgameBot,2022-06-19,06:30:58.315902,22
GenreBot,2022-06-19,08:40:32.588346,0
GenreBot,2022-06-19,09:03:30.157526,92
BandNameBot,2022-06-19,09:15:46.132598,18
RadioheadBot,2022-06-19,09:21:08.121213,16
BoardgameBot,2022-06-19,09:30:55.152777,23
ListBot,2022-06-19,11:26:03.744827,41
BandNameBot,2022-06-19,12:16:23.687603,20
RadioheadBot,2022-06-19,12:20:44.264750,16
BoardgameBot,2022-06-19,12:30:52.069570,23
BandNameBot,2022-06-19,15:15:55.845786,13
RadioheadBot,2022-06-19,15:21:17.405229,17
BoardgameBot,2022-06-19,15:30:54.547380,23
BandNameBot,2022-06-19,18:16:32.099302,15
RadioheadBot,2022-06-19,18:20:47.503869,15
BoardgameBot,2022-06-19,18:30:48.356299,17
GenreBot,2022-06-19,18:40:35.223159,0
GenreBot,2022-06-19,21:00:58.050716,11
BandNameBot,2022-06-19,21:16:12.786807,17
RadioheadBot,2022-06-19,21:21:17.861697,18
BoardgameBot,2022-06-19,21:31:32.793483,18
ListBot,2022-06-19,23:25:30.353978,4
BandNameBot,2022-06-20,00:15:48.466314,18
RadioheadBot,2022-06-20,00:20:58.472566,15
BoardgameBot,2022-06-20,00:31:21.602182,23
GenreBot,2022-06-20,02:40:01.377677,0
BandNameBot,2022-06-20,03:16:33.431739,22
RadioheadBot,2022-06-20,03:20:30.490619,12
BoardgameBot,2022-06-20,03:31:07.148454,19
BandNameBot,2022-06-20,06:16:03.551389,18
RadioheadBot,2022-06-20,06:21:06.264802,15
BoardgameBot,2022-06-20,06:31:04.408423,20
GenreBot,2022-06-20,08:40:04.618643,0
GenreBot,2022-06-20,09:02:11.890039,54
BandNameBot,2022-06-20,09:15:58.471012,23
RadioheadBot,2022-06-20,09:20:30.921509,12
BoardgameBot,2022-06-20,09:30:52.044542,22
ListBot,2022-06-20,11:25:56.184595,11
BandNameBot,2022-06-20,12:15:17.458284,10
RadioheadBot,2022-06-20,12:21:04.566221,18
BoardgameBot,2022-06-20,12:30:42.859662,21
BandNameBot,2022-06-20,15:15:41.813898,11
RadioheadBot,2022-06-20,15:20:43.040153,15
BoardgameBot,2022-06-20,15:31:20.287041,18
BandNameBot,2022-06-20,18:16:02.015450,11
RadioheadBot,2022-06-20,18:21:14.303783,13
BoardgameBot,2022-06-20,18:31:11.038426,21
GenreBot,2022-06-20,18:40:16.999517,0
GenreBot,2022-06-20,21:01:57.634729,50
BandNameBot,2022-06-20,21:15:28.688584,15
RadioheadBot,2022-06-20,21:20:42.020518,16
BoardgameBot,2022-06-20,21:30:57.498924,19
ListBot,2022-06-20,23:25:23.126820,15
BandNameBot,2022-06-21,00:15:43.549248,5
RadioheadBot,2022-06-21,00:21:06.904583,10
GenreBot,2022-06-21,02:40:00.686085,0
BandNameBot,2022-06-21,03:16:05.047837,5
RadioheadBot,2022-06-21,03:20:29.844915,13
BandNameBot,2022-06-21,06:15:34.658970,13
RadioheadBot,2022-06-21,06:20:51.330744,10
GenreBot,2022-06-21,08:40:03.445531,0
GenreBot,2022-06-21,09:02:45.959697,75
BandNameBot,2022-06-21,09:15:58.566510,9
RadioheadBot,2022-06-21,09:21:26.473007,15
BoardgameBot,2022-06-21,09:31:21.068009,21
ListBot,2022-06-21,11:25:49.192136,13
BandNameBot,2022-06-21,12:15:26.893162,11
RadioheadBot,2022-06-21,12:20:54.073601,12
BoardgameBot,2022-06-21,12:31:03.138013,23
BandNameBot,2022-06-21,15:16:02.000640,16
RadioheadBot,2022-06-21,15:21:26.042410,14
BoardgameBot,2022-06-21,15:30:57.293457,23
BandNameBot,2022-06-21,18:15:18.048924,6
RadioheadBot,2022-06-21,18:20:51.996791,11
BoardgameBot,2022-06-21,18:31:03.692044,24
GenreBot,2022-06-21,18:40:50.282739,0
GenreBot,2022-06-21,21:02:35.388799,55
BandNameBot,2022-06-21,21:15:43.238533,10
RadioheadBot,2022-06-21,21:21:20.897995,15
BoardgameBot,2022-06-21,21:30:47.622292,19
ListBot,2022-06-21,23:26:15.598476,20
BandNameBot,2022-06-22,00:15:59.677905,9
RadioheadBot,2022-06-22,00:20:55.956712,15
BoardgameBot,2022-06-22,00:30:32.478905,17
GenreBot,2022-06-22,02:40:38.898978,0
BandNameBot,2022-06-22,03:15:24.853144,13
RadioheadBot,2022-06-22,03:21:29.087802,17
BoardgameBot,2022-06-22,03:31:10.949061,19
BandNameBot,2022-06-22,06:16:11.057588,18
RadioheadBot,2022-06-22,06:20:55.929482,13
BoardgameBot,2022-06-22,06:30:59.400659,17
GenreBot,2022-06-22,08:40:42.044886,0
GenreBot,2022-06-22,09:00:43.368848,0
BandNameBot,2022-06-22,09:15:59.301364,21
RadioheadBot,2022-06-22,09:21:32.888669,15
BoardgameBot,2022-06-22,09:30:34.161769,13
ListBot,2022-06-22,11:26:04.050821,50
BandNameBot,2022-06-22,12:15:57.488366,22
RadioheadBot,2022-06-22,12:21:14.463979,16
BoardgameBot,2022-06-22,12:31:29.197037,12
BandNameBot,2022-06-22,15:16:31.665452,18
RadioheadBot,2022-06-22,15:20:36.748178,14
BoardgameBot,2022-06-22,15:30:56.536874,9
BandNameBot,2022-06-22,18:16:13.206646,21
RadioheadBot,2022-06-22,18:21:12.390038,17
BoardgameBot,2022-06-22,18:30:33.637977,9
GenreBot,2022-06-22,18:40:01.700597,0
GenreBot,2022-06-22,21:00:12.922587,3
BandNameBot,2022-06-22,21:15:45.015790,13
RadioheadBot,2022-06-22,21:20:48.279651,16
BoardgameBot,2022-06-22,21:31:00.814797,9
ListBot,2022-06-22,23:25:27.165693,54
BandNameBot,2022-06-23,00:16:18.180425,15
RadioheadBot,2022-06-23,00:21:25.799858,16
BoardgameBot,2022-06-23,00:30:22.926044,9
GenreBot,2022-06-23,02:40:16.220249,0
BandNameBot,2022-06-23,03:15:53.051557,16
RadioheadBot,2022-06-23,03:21:03.320987,14
BoardgameBot,2022-06-23,03:31:12.245179,12
BandNameBot,2022-06-23,06:16:41.371137,20
RadioheadBot,2022-06-23,06:20:34.245060,15
BoardgameBot,2022-06-23,06:30:45.503456,14
GenreBot,2022-06-23,08:40:19.139516,0
GenreBot,2022-06-23,09:02:58.412613,73
BandNameBot,2022-06-23,09:16:40.062301,23
RadioheadBot,2022-06-23,09:21:13.937369,18
BoardgameBot,2022-06-23,09:30:34.716589,19
ListBot,2022-06-23,11:25:56.118461,70
BandNameBot,2022-06-23,12:16:07.374817,24
RadioheadBot,2022-06-23,12:20:39.477870,14
BoardgameBot,2022-06-23,12:31:15.967279,10
BandNameBot,2022-06-23,15:15:49.904922,19
RadioheadBot,2022-06-23,15:21:04.955002,12
BoardgameBot,2022-06-23,15:31:04.320439,13
BandNameBot,2022-06-23,18:15:44.715889,14
RadioheadBot,2022-06-23,18:20:48.177770,6
BoardgameBot,2022-06-23,18:31:08.751236,15
GenreBot,2022-06-23,18:40:28.838368,0
GenreBot,2022-06-23,21:01:26.104045,15
BandNameBot,2022-06-23,21:15:43.988348,17
RadioheadBot,2022-06-23,21:20:36.835201,16
BoardgameBot,2022-06-23,21:31:19.326950,22
ListBot,2022-06-23,23:25:51.215716,71
RadioheadBot,2022-06-24,00:36:56.095581,11
BandNameBot,2022-06-24,00:37:14.189561,16
BoardgameBot,2022-06-24,00:54:45.688685,15
GenreBot,2022-06-24,02:45:14.695060,0
BandNameBot,2022-06-24,03:15:41.995960,19
RadioheadBot,2022-06-24,03:21:27.237083,18
BoardgameBot,2022-06-24,03:31:23.210878,15
BandNameBot,2022-06-24,06:16:46.719963,21
RadioheadBot,2022-06-24,06:21:14.397908,14
BoardgameBot,2022-06-24,06:49:19.288398,23
GenreBot,2022-06-24,08:40:13.873932,0
GenreBot,2022-06-24,09:02:25.693985,60
BandNameBot,2022-06-24,09:16:02.397968,16
RadioheadBot,2022-06-24,09:21:20.238009,15
BoardgameBot,2022-06-24,09:31:24.615207,19
ListBot,2022-06-24,11:26:16.588660,48
BandNameBot,2022-06-24,12:15:27.164033,13
RadioheadBot,2022-06-24,12:20:50.412556,13
BoardgameBot,2022-06-24,12:31:14.497827,20
BandNameBot,2022-06-24,15:15:52.349349,17
RadioheadBot,2022-06-24,15:21:30.164331,16
BoardgameBot,2022-06-24,15:31:01.433993,16
BandNameBot,2022-06-24,18:16:36.258884,20
RadioheadBot,2022-06-24,18:20:56.165218,14
BoardgameBot,2022-06-24,18:30:35.494843,13
GenreBot,2022-06-24,18:40:32.372814,0
GenreBot,2022-06-24,21:03:32.125216,89
BandNameBot,2022-06-24,21:16:07.558857,16
RadioheadBot,2022-06-24,21:21:32.642018,17
BoardgameBot,2022-06-24,21:31:27.159300,17
ListBot,2022-06-24,23:25:49.954174,70
BandNameBot,2022-06-25,00:15:58.067518,20
RadioheadBot,2022-06-25,00:21:02.807330,13
BoardgameBot,2022-06-25,00:31:34.874858,21
GenreBot,2022-06-25,02:40:35.789155,0
BandNameBot,2022-06-25,03:15:43.277044,18
RadioheadBot,2022-06-25,03:20:25.703898,10
BoardgameBot,2022-06-25,03:31:24.928511,19
BandNameBot,2022-06-25,06:16:24.846579,20
RadioheadBot,2022-06-25,06:21:08.616396,18
BoardgameBot,2022-06-25,06:31:07.243782,17
GenreBot,2022-06-25,08:40:39.361560,0
GenreBot,2022-06-25,09:00:54.727766,8
BandNameBot,2022-06-25,09:16:05.904891,20
RadioheadBot,2022-06-25,09:20:41.227880,15
BoardgameBot,2022-06-25,09:30:55.331952,19
ListBot,2022-06-25,11:26:23.036203,57
BandNameBot,2022-06-25,12:15:47.741789,20
RadioheadBot,2022-06-25,12:21:13.044436,15
BoardgameBot,2022-06-25,12:30:48.633808,23
BandNameBot,2022-06-25,15:16:35.945710,22
RadioheadBot,2022-06-25,15:20:49.316695,16
BoardgameBot,2022-06-25,15:31:31.811564,18
BandNameBot,2022-06-25,18:16:29.790105,23
RadioheadBot,2022-06-25,18:21:10.686837,12
BoardgameBot,2022-06-25,18:31:23.919664,19
GenreBot,2022-06-25,18:40:00.446779,0
GenreBot,2022-06-25,21:00:02.521460,0
BandNameBot,2022-06-25,21:16:16.057894,20
RadioheadBot,2022-06-25,21:20:40.371186,12
BoardgameBot,2022-06-25,21:31:16.946130,21
ListBot,2022-06-25,23:25:55.489537,60
BandNameBot,2022-06-26,00:16:00.637531,22
RadioheadBot,2022-06-26,00:21:22.756219,14
BoardgameBot,2022-06-26,00:31:13.464763,18
GenreBot,2022-06-26,02:40:06.243422,0
BandNameBot,2022-06-26,03:15:34.921897,23
RadioheadBot,2022-06-26,03:21:06.632267,24
BoardgameBot,2022-06-26,03:31:06.337279,22
BandNameBot,2022-06-26,06:16:22.820802,21
RadioheadBot,2022-06-26,06:20:57.514275,22
BoardgameBot,2022-06-26,06:30:59.627538,18
GenreBot,2022-06-26,08:40:09.913587,0
GenreBot,2022-06-26,09:00:13.880497,1
BandNameBot,2022-06-26,09:15:57.502131,15
RadioheadBot,2022-06-26,09:21:36.940174,20
BoardgameBot,2022-06-26,09:30:59.755811,20
ListBot,2022-06-26,11:25:26.568299,66
BandNameBot,2022-06-26,12:15:20.226950,10
RadioheadBot,2022-06-26,12:21:19.689888,21
BoardgameBot,2022-06-26,12:30:51.209754,19
BandNameBot,2022-06-26,15:15:50.839045,15
RadioheadBot,2022-06-26,15:21:06.566966,22
BoardgameBot,2022-06-26,15:31:30.434707,16
BandNameBot,2022-06-26,18:16:39.226113,21
RadioheadBot,2022-06-26,18:20:49.780438,18
BoardgameBot,2022-06-26,18:31:30.224681,24
GenreBot,2022-06-26,18:40:19.599843,0
GenreBot,2022-06-26,21:01:14.459308,27
BandNameBot,2022-06-26,21:16:02.706013,6
RadioheadBot,2022-06-26,21:21:39.586182,21
BoardgameBot,2022-06-26,21:31:12.893874,21
ListBot,2022-06-26,23:25:59.264380,51
BandNameBot,2022-06-27,00:15:40.559466,17
RadioheadBot,2022-06-27,00:21:24.381926,20
BoardgameBot,2022-06-27,00:31:05.697767,22
GenreBot,2022-06-27,02:40:18.142044,0
BandNameBot,2022-06-27,03:16:16.538420,17
RadioheadBot,2022-06-27,03:21:05.486888,20
BoardgameBot,2022-06-27,03:31:08.935675,22
BandNameBot,2022-06-27,06:16:10.084068,23
RadioheadBot,2022-06-27,06:20:44.430367,13
BoardgameBot,2022-06-27,06:30:52.009458,20
GenreBot,2022-06-27,08:40:21.504950,0
GenreBot,2022-06-27,09:02:56.963604,95
BandNameBot,2022-06-27,09:15:53.612985,23
RadioheadBot,2022-06-27,09:21:26.054854,16
BoardgameBot,2022-06-27,09:31:39.276406,19
ListBot,2022-06-27,11:25:38.613239,57
BandNameBot,2022-06-27,12:15:53.409720,23
RadioheadBot,2022-06-27,12:21:14.860580,15
BoardgameBot,2022-06-27,12:31:36.346173,21
BandNameBot,2022-06-27,15:16:14.679254,13
RadioheadBot,2022-06-27,15:21:01.359504,18
BoardgameBot,2022-06-27,15:31:18.739501,19
BandNameBot,2022-06-27,18:15:48.995079,15
RadioheadBot,2022-06-27,18:20:35.426471,17
BoardgameBot,2022-06-27,18:30:58.772540,17
GenreBot,2022-06-27,18:40:12.077852,0
GenreBot,2022-06-27,21:02:25.470019,59
BandNameBot,2022-06-27,21:16:14.627603,13
RadioheadBot,2022-06-27,21:21:02.407625,12
BoardgameBot,2022-06-27,21:30:34.736452,16
ListBot,2022-06-27,23:26:08.921967,71
BandNameBot,2022-06-28,00:15:51.289128,14
RadioheadBot,2022-06-28,00:20:10.524060,3
BoardgameBot,2022-06-28,00:31:17.447485,16
GenreBot,2022-06-28,02:40:28.834347,0
BandNameBot,2022-06-28,03:16:08.431688,8
RadioheadBot,2022-06-28,03:20:17.532816,0
BoardgameBot,2022-06-28,03:30:54.800955,14
BandNameBot,2022-06-28,06:15:38.150386,14
RadioheadBot,2022-06-28,06:20:25.518083,2
BoardgameBot,2022-06-28,06:30:42.033884,21
GenreBot,2022-06-28,08:40:10.925887,0
GenreBot,2022-06-28,09:00:15.889310,3
BandNameBot,2022-06-28,09:16:09.209791,20
RadioheadBot,2022-06-28,09:20:13.194024,2
BoardgameBot,2022-06-28,09:31:06.060872,21
ListBot,2022-06-28,11:26:17.529934,58
BandNameBot,2022-06-28,12:15:58.236858,21
RadioheadBot,2022-06-28,12:20:20.768920,1
BoardgameBot,2022-06-28,12:31:00.004030,21
BandNameBot,2022-06-28,15:15:50.952265,23
RadioheadBot,2022-06-28,15:20:32.601889,3
BoardgameBot,2022-06-28,15:30:50.744478,21
BandNameBot,2022-06-28,18:16:30.306574,22
RadioheadBot,2022-06-28,18:20:45.896668,4
BoardgameBot,2022-06-28,18:30:48.288101,22
GenreBot,2022-06-28,18:40:20.505667,0
GenreBot,2022-06-28,21:00:31.497455,3
BandNameBot,2022-06-28,21:16:21.206237,23
RadioheadBot,2022-06-28,21:20:57.242129,3
BoardgameBot,2022-06-28,21:31:37.451570,20
ListBot,2022-06-28,23:25:51.778363,65
BandNameBot,2022-06-29,00:15:58.248940,18
RadioheadBot,2022-06-29,00:21:11.020224,4
BoardgameBot,2022-06-29,00:31:33.382326,18
GenreBot,2022-06-29,02:40:35.151117,0
BandNameBot,2022-06-29,03:15:30.090065,17
RadioheadBot,2022-06-29,03:20:38.039154,9
BoardgameBot,2022-06-29,03:31:08.638102,17
BandNameBot,2022-06-29,06:16:17.428852,17
RadioheadBot,2022-06-29,06:20:52.949317,6
BoardgameBot,2022-06-29,06:31:07.691990,21
GenreBot,2022-06-29,08:40:38.397349,0
GenreBot,2022-06-29,09:03:39.401379,83
BandNameBot,2022-06-29,09:16:01.925313,23
RadioheadBot,2022-06-29,09:21:21.780455,13
BoardgameBot,2022-06-29,09:30:52.209440,18
ListBot,2022-06-29,11:25:27.288496,59
BandNameBot,2022-06-29,12:15:52.223336,21
RadioheadBot,2022-06-29,12:20:49.632088,13
BoardgameBot,2022-06-29,12:30:45.718873,18
BandNameBot,2022-06-29,15:15:42.549751,22
RadioheadBot,2022-06-29,15:21:27.343725,18
BoardgameBot,2022-06-29,15:31:40.819668,17
BandNameBot,2022-06-29,18:16:22.782140,22
RadioheadBot,2022-06-29,18:21:09.029299,20
BoardgameBot,2022-06-29,18:31:25.313255,19
GenreBot,2022-06-29,18:40:49.805005,0
GenreBot,2022-06-29,21:04:02.006005,95
BandNameBot,2022-06-29,21:15:59.791368,21
RadioheadBot,2022-06-29,21:20:45.548381,18
BoardgameBot,2022-06-29,21:31:29.445036,23
ListBot,2022-06-29,23:26:09.306315,72
BandNameBot,2022-06-30,00:15:41.553670,22
RadioheadBot,2022-06-30,00:21:21.150784,16
BoardgameBot,2022-06-30,00:31:15.218151,20
GenreBot,2022-06-30,02:40:06.414457,0
BandNameBot,2022-06-30,03:16:30.958680,21
RadioheadBot,2022-06-30,03:21:04.335885,21
BoardgameBot,2022-06-30,03:31:09.298928,21
BandNameBot,2022-06-30,06:16:04.852297,16
RadioheadBot,2022-06-30,06:20:53.562314,13
BoardgameBot,2022-06-30,06:31:00.285349,20
GenreBot,2022-06-30,08:40:09.736868,0
GenreBot,2022-06-30,09:01:12.200129,22
BandNameBot,2022-06-30,09:15:34.550954,15
RadioheadBot,2022-06-30,09:21:41.094167,19
BoardgameBot,2022-06-30,09:30:43.445712,21
ListBot,2022-06-30,11:26:03.937591,73
BandNameBot,2022-06-30,12:16:27.847674,17
RadioheadBot,2022-06-30,12:21:18.894907,16
BoardgameBot,2022-06-30,12:31:37.890955,19
BandNameBot,2022-06-30,15:16:43.519953,18
RadioheadBot,2022-06-30,15:21:11.655663,11
BoardgameBot,2022-06-30,15:30:47.586396,19
BandNameBot,2022-06-30,18:16:28.018568,17
RadioheadBot,2022-06-30,18:20:47.590134,12
BoardgameBot,2022-06-30,18:31:34.569707,18
GenreBot,2022-06-30,18:40:41.929734,0
GenreBot,2022-06-30,21:03:33.470612,86
BandNameBot,2022-06-30,21:16:10.176707,19
RadioheadBot,2022-06-30,21:21:17.384287,13
BoardgameBot,2022-06-30,21:31:20.663623,19
ListBot,2022-06-30,23:26:01.398963,64
BandNameBot,2022-07-01,00:15:39.922055,12
RadioheadBot,2022-07-01,00:21:04.708131,20
BoardgameBot,2022-07-01,00:31:06.510701,20
GenreBot,2022-07-01,02:40:37.856828,0
BandNameBot,2022-07-01,03:16:21.945701,22
RadioheadBot,2022-07-01,03:20:25.358195,9
BoardgameBot,2022-07-01,03:31:06.135767,20
BandNameBot,2022-07-01,06:16:05.754636,14
RadioheadBot,2022-07-01,06:20:55.572103,16
GenreBot,2022-07-01,08:40:42.276777,0
GenreBot,2022-07-01,09:02:46.419190,55
BandNameBot,2022-07-01,09:15:56.148063,19
RadioheadBot,2022-07-01,09:21:08.567452,13
ListBot,2022-07-01,11:26:07.167885,67
BandNameBot,2022-07-01,12:16:30.048383,14
RadioheadBot,2022-07-01,12:20:55.454037,16
BandNameBot,2022-07-01,15:16:08.958616,15
RadioheadBot,2022-07-01,15:21:25.335468,16
BandNameBot,2022-07-01,18:15:46.899238,15
RadioheadBot,2022-07-01,18:21:01.244772,13
GenreBot,2022-07-01,18:40:50.090468,0
GenreBot,2022-07-01,21:02:17.717434,38
BandNameBot,2022-07-01,21:16:29.518242,15
RadioheadBot,2022-07-01,21:20:37.981061,14
ListBot,2022-07-01,23:25:35.232377,42
BandNameBot,2022-07-02,00:16:11.114072,12
RadioheadBot,2022-07-02,00:21:19.349212,14
GenreBot,2022-07-02,02:40:20.334842,0
BandNameBot,2022-07-02,03:15:32.279478,9
RadioheadBot,2022-07-02,03:21:12.656601,15
BandNameBot,2022-07-02,06:16:13.097579,12
RadioheadBot,2022-07-02,06:20:59.655593,15
GenreBot,2022-07-02,08:40:22.279338,0
GenreBot,2022-07-02,09:03:32.823342,73
BandNameBot,2022-07-02,09:15:43.414173,11
RadioheadBot,2022-07-02,09:20:44.985273,15
ListBot,2022-07-02,11:26:31.222343,27
BandNameBot,2022-07-02,12:16:26.325952,15
RadioheadBot,2022-07-02,12:21:17.379507,13
BandNameBot,2022-07-02,15:16:24.532843,20
RadioheadBot,2022-07-02,15:20:47.684808,10
BandNameBot,2022-07-02,18:16:00.753477,16
RadioheadBot,2022-07-02,18:21:21.045550,13
GenreBot,2022-07-02,18:40:36.126960,0
GenreBot,2022-07-02,21:00:42.236427,2
BandNameBot,2022-07-02,21:15:40.042853,16
RadioheadBot,2022-07-02,21:21:05.395625,18
ListBot,2022-07-02,23:26:01.180340,42
BandNameBot,2022-07-03,00:16:08.690917,15
RadioheadBot,2022-07-03,00:20:50.533734,15
GenreBot,2022-07-03,02:40:45.553516,0
BandNameBot,2022-07-03,03:15:44.517373,18
RadioheadBot,2022-07-03,03:21:23.635656,13
BandNameBot,2022-07-03,06:16:13.440343,19
RadioheadBot,2022-07-03,06:20:54.621136,12
GenreBot,2022-07-03,08:40:48.832421,0
BandNameBot,2022-07-03,09:16:00.526166,21
RadioheadBot,2022-07-03,09:21:22.426269,13
ListBot,2022-07-03,11:25:30.154014,41
BandNameBot,2022-07-03,12:15:44.381317,21
RadioheadBot,2022-07-03,12:21:01.348197,14
BandNameBot,2022-07-03,15:16:31.038466,23
RadioheadBot,2022-07-03,15:20:28.412211,13
BandNameBot,2022-07-03,18:16:35.270355,23
RadioheadBot,2022-07-03,18:21:15.032888,18
GenreBot,2022-07-03,18:40:03.274580,0
GenreBot,2022-07-03,21:02:02.967928,59
BandNameBot,2022-07-03,21:16:26.084397,21
RadioheadBot,2022-07-03,21:20:53.859394,13
ListBot,2022-07-03,23:26:01.699985,57
BandNameBot,2022-07-04,00:16:08.473946,22
RadioheadBot,2022-07-04,00:21:24.252412,14
GenreBot,2022-07-04,02:40:06.324665,0
BandNameBot,2022-07-04,03:15:46.373583,19
RadioheadBot,2022-07-04,03:20:49.573730,14
BandNameBot,2022-07-04,06:16:28.604633,23
GenreBot,2022-07-04,08:40:09.678536,0
GenreBot,2022-07-04,09:02:54.629311,85
BandNameBot,2022-07-04,09:16:36.008734,25
ListBot,2022-07-04,11:25:33.822870,58
BandNameBot,2022-07-04,12:16:30.019784,22
BandNameBot,2022-07-04,15:16:21.528161,23
BandNameBot,2022-07-04,18:16:05.325516,18
GenreBot,2022-07-04,18:40:59.514738,0
GenreBot,2022-07-04,21:02:17.717610,65
BandNameBot,2022-07-04,21:15:32.988353,11
ListBot,2022-07-04,23:26:06.521614,82
BandNameBot,2022-07-05,00:16:18.058882,18
GenreBot,2022-07-05,02:40:20.835692,0
BandNameBot,2022-07-05,03:15:47.440639,12
BandNameBot,2022-07-05,06:16:30.243745,19
GenreBot,2022-07-05,08:40:23.879298,0
GenreBot,2022-07-05,09:02:15.546283,44
BandNameBot,2022-07-05,09:16:23.007352,19
RadioheadBot,2022-07-05,09:20:55.879923,13
BoardgameBot,2022-07-05,09:31:24.829569,21
ListBot,2022-07-05,11:25:48.025225,67
BandNameBot,2022-07-05,12:16:18.534238,23
RadioheadBot,2022-07-05,12:21:32.403923,14
BoardgameBot,2022-07-05,12:31:00.878986,17
BandNameBot,2022-07-05,15:15:57.345121,20
RadioheadBot,2022-07-05,15:20:56.727401,12
BoardgameBot,2022-07-05,15:30:54.000338,20
BandNameBot,2022-07-05,18:15:40.066828,19
RadioheadBot,2022-07-05,18:21:20.337335,10
BoardgameBot,2022-07-05,18:30:50.087493,19
GenreBot,2022-07-05,18:40:20.601692,0
GenreBot,2022-07-05,21:02:41.149284,59
BandNameBot,2022-07-05,21:16:36.335411,24
RadioheadBot,2022-07-05,21:20:53.814498,10
BoardgameBot,2022-07-05,21:31:43.743374,19
ListBot,2022-07-05,23:26:21.610059,69
BandNameBot,2022-07-06,00:16:21.099396,18
RadioheadBot,2022-07-06,00:21:11.812474,5
BoardgameBot,2022-07-06,00:31:24.334957,15
GenreBot,2022-07-06,02:40:44.737985,0
BandNameBot,2022-07-06,03:15:58.410118,17
RadioheadBot,2022-07-06,03:20:28.769109,5
BoardgameBot,2022-07-06,03:31:27.534703,22
BandNameBot,2022-07-06,06:15:41.748508,19
RadioheadBot,2022-07-06,06:20:50.480898,6
BoardgameBot,2022-07-06,06:31:38.403154,23
GenreBot,2022-07-06,08:40:48.178205,0
GenreBot,2022-07-06,09:01:04.298136,8
BandNameBot,2022-07-06,09:16:18.779564,12
RadioheadBot,2022-07-06,09:21:17.765681,6
BoardgameBot,2022-07-06,09:31:17.975051,17
ListBot,2022-07-06,11:26:15.409950,68
BandNameBot,2022-07-06,12:16:17.556079,19
RadioheadBot,2022-07-06,12:20:47.658147,4
BoardgameBot,2022-07-06,12:31:32.551131,22
BandNameBot,2022-07-06,15:16:04.814747,14
RadioheadBot,2022-07-06,15:21:10.888714,7
BoardgameBot,2022-07-06,15:31:28.768607,21
BandNameBot,2022-07-06,18:15:46.249009,18
RadioheadBot,2022-07-06,18:20:25.509967,5
BoardgameBot,2022-07-06,18:31:14.831130,23
GenreBot,2022-07-06,18:40:36.214957,0
GenreBot,2022-07-06,21:03:00.759848,68
BandNameBot,2022-07-06,21:16:23.802591,14
RadioheadBot,2022-07-06,21:20:44.071748,7
BoardgameBot,2022-07-06,21:31:08.833029,20
ListBot,2022-07-06,23:26:52.431611,53
BandNameBot,2022-07-07,00:16:02.613924,18
RadioheadBot,2022-07-07,00:21:07.752233,10
BoardgameBot,2022-07-07,00:30:49.944184,23
GenreBot,2022-07-07,02:40:03.881984,0
BandNameBot,2022-07-07,03:15:34.547673,15
RadioheadBot,2022-07-07,03:20:30.789745,12
BoardgameBot,2022-07-07,03:31:59.082980,23
BandNameBot,2022-07-07,06:16:21.372497,20
RadioheadBot,2022-07-07,06:20:52.406988,9
BoardgameBot,2022-07-07,06:30:54.426396,20
GenreBot,2022-07-07,08:40:06.894900,0
GenreBot,2022-07-07,09:00:25.896751,0
